Website URL,Email Scraped
http://www.Layher.ae/,info@layher.ae
http://www.Layher.ae/,info@layher.ae
http://www.Layher.ae/,info@layher.ae
http://www.3monkeys.net/,
http://www.3monkeys.net/,info@3monkeys.net
http://www.3monkeys.net/,info@3monkeys.net
http://www.3monkeys.net/,info@3monkeys.net
http://www.3monkeys.net/,
http://www.3monkeys.net/,
https://www.tmf-group.com/,dataprotection@tmf-group.com
https://www.tmf-group.com/,
https://abas-erp.com/,
https://www.tmf-group.com/,
https://www.tmf-group.com/,
https://abas-erp.com/,
https://www.tmf-group.com/,
https://abas-erp.com/,
https://abas-erp.com/,
https://abas-erp.com/,
https://www.tmf-group.com/,
https://abas-erp.com/,sales@abas-erp.com
https://abas-erp.com/,sales@abas-usa.com
https://abas-erp.com/,info@abas-usa.com
https://www.tmf-group.com/,
https://abas-erp.com/,
https://abas-erp.com/,
https://www.tmf-group.com/,
https://abas-erp.com/,
https://abas-erp.com/,sales@abas-erp.com
https://abas-erp.com/,sales@abas-usa.com
https://abas-erp.com/,info@abas-usa.com
https://abas-erp.com/,
https://www.tmf-group.com/,
https://abas-erp.com/,
https://abas-erp.com/,
https://abas-erp.com/,sales@abas-erp.com
https://abas-erp.com/,sales@abas-usa.com
https://abas-erp.com/,info@abas-usa.com
https://abas-erp.com/,
https://abas-erp.com/,sales@abas-erp.com
https://abas-erp.com/,sales@abas-usa.com
https://abas-erp.com/,info@abas-usa.com
https://abas-erp.com/,
https://abas-erp.com/,sales@abas-erp.com
https://abas-erp.com/,sales@abas-usa.com
https://abas-erp.com/,info@abas-usa.com
https://abas-erp.com/,
https://abas-erp.com/,
https://abas-erp.com/,
https://abas-erp.com/,
https://abas-erp.com/,
https://abas-erp.com/,
https://abas-erp.com/,
https://abas-erp.com/,
https://abas-erp.com/,
https://abas-erp.com/,
https://abas-erp.com/,
https://abas-erp.com/,
https://abas-erp.com/,
https://abas-erp.com/,
https://abas-erp.com/,
https://abas-erp.com/,
https://abas-erp.com/,
https://abas-erp.com/,
https://abas-erp.com/,
https://abas-erp.com/,
https://abas-erp.com/,
https://abas-erp.com/,
https://abas-erp.com/,
https://abas-erp.com/,
https://abas-erp.com/,
https://abas-erp.com/,
https://abas-erp.com/,
https://abas-erp.com/,
https://www.tmf-group.com/,
https://www.tmf-group.com/,
https://www.tmf-group.com/,
https://www.tmf-group.com/,
https://www.tmf-group.com/,
https://www.tmf-group.com/,
https://www.tmf-group.com/,andrea.hernandez@tmf-group.com
https://www.tmf-group.com/,
https://www.tmf-group.com/,
https://www.tmf-group.com/,
https://www.tmf-group.com/,
https://www.tmf-group.com/,
https://www.tmf-group.com/,sunita.ghalley@tmf-group.com
https://www.tmf-group.com/,
https://www.tmf-group.com/,
https://www.tmf-group.com/,
https://www.tmf-group.com/,
https://www.tmf-group.com/,
https://www.tmf-group.com/,
https://www.tmf-group.com/,
https://www.tmf-group.com/,
https://www.tmf-group.com/,
https://www.tmf-group.com/,
https://www.tmf-group.com/,
https://www.tmf-group.com/,
https://www.tmf-group.com/,
https://www.tmf-group.com/,
https://www.tmf-group.com/,
https://www.tmf-group.com/,
https://www.tmf-group.com/,
https://www.tmf-group.com/,
https://www.tmf-group.com/,
https://www.tmf-group.com/,
https://www.tmf-group.com/,
https://www.tmf-group.com/,
https://www.tmf-group.com/,
https://www.tmf-group.com/,
https://www.tmf-group.com/,
https://www.tmf-group.com/,
https://www.tmf-group.com/,
https://www.tmf-group.com/,
https://www.tmf-group.com/,
https://www.tmf-group.com/,
https://www.tmf-group.com/,
https://www.tmf-group.com/,
https://www.tmf-group.com/,
https://www.tmf-group.com/,
https://www.tmf-group.com/,
https://www.tmf-group.com/,
https://www.tmf-group.com/,
https://www.tmf-group.com/,
https://www.tmf-group.com/,
https://www.tmf-group.com/,
https://www.tmf-group.com/,
https://www.tmf-group.com/,
https://www.tmf-group.com/,
https://www.tmf-group.com/,
https://www.tmf-group.com/,
https://www.tmf-group.com/,
https://www.tmf-group.com/,
https://www.tmf-group.com/,
https://www.tmf-group.com/,
https://www.tmf-group.com/,
https://www.tmf-group.com/,
https://www.tmf-group.com/,
https://www.tmf-group.com/,
https://www.tmf-group.com/,
https://www.tmf-group.com/,
https://www.tmf-group.com/,
https://www.tmf-group.com/,
https://www.tmf-group.com/,
https://www.tmf-group.com/,
https://www.tmf-group.com/,
https://www.tmf-group.com/,
https://www.tmf-group.com/,
https://www.tmf-group.com/,
https://www.tmf-group.com/,
https://www.tmf-group.com/,
https://www.tmf-group.com/,
https://www.tmf-group.com/,
https://www.tmf-group.com/,
https://www.tmf-group.com/,
https://www.tmf-group.com/,
https://www.tmf-group.com/,
https://www.tmf-group.com/,
https://www.tmf-group.com/,
https://www.tmf-group.com/,
https://www.tmf-group.com/,
https://www.tmf-group.com/,
https://www.tmf-group.com/,
https://www.tmf-group.com/,
https://www.tmf-group.com/,
https://www.tmf-group.com/,
https://www.tmf-group.com/,
https://www.tmf-group.com/,
https://www.tmf-group.com/,
https://www.tmf-group.com/,
https://www.tmf-group.com/,
https://www.tmf-group.com/,
https://www.tmf-group.com/,
https://www.tmf-group.com/,
https://investors.tmf-group.com/,ir@tmf-group.com
https://www.tmf-group.com/,
https://www.tmf-group.com/,
https://www.tmf-group.com/,
https://www.tmf-group.com/,
https://emirintelligence.com/,
https://emirintelligence.com/,
https://emirintelligence.com/,
https://emirintelligence.com/,
https://emirintelligence.com/,
https://emirintelligence.com/,
https://emirintelligence.com/,
http://1765gemini.com/,
https://emirintelligence.com/,
https://emirintelligence.com/,
https://emirintelligence.com/,
https://emirintelligence.com/,
http://www.3monkeys.net/,
https://emirintelligence.com/,
http://www.3monkeys.net/,
https://emirintelligence.com/,
http://www.Layher.ae/,info@layher.ae
http://www.aceconcept.ae/,info@aceconcept.ae
http://www.aceconcept.ae/,info@aceconcept.ae
http://www.aceconcept.ae/,info@aceconcept.ae
http://www.aceconcept.ae/,info@aceconcept.ae
https://www.adcb.com/,
https://www.adcb.com/,
https://www.adcb.com/,
https://www.adcb.com/,
https://www.adcb.com/,
https://www.adcb.com/,
https://www.adcb.com/,
https://www.adcb.com/,
https://www.adcb.com/,
https://www.adcb.com/,
https://www.adcb.com/,
https://www.adcb.com/,
https://www.adcb.com/,
https://www.adcb.com/,
https://www.adcb.com/,
https://www.adcb.com/,
https://www.adcb.com/,
https://www.adcb.com/,
https://www.adcb.com/,
https://www.adcb.com/,
https://www.adcb.com/,
https://www.adcb.com/,
https://www.adcb.com/,
https://www.adcb.com/,
https://www.adcb.com/,
https://www.adcb.com/,
https://www.adcb.com/,
https://www.adports.ae/,customerservice@adports.ae
https://www.adcb.com/,
https://www.adcb.com/,
https://www.adcb.com/,
https://www.adcb.com/,
https://www.adcb.com/,
https://www.adcb.com/,
https://www.adcb.com/,Servicedeskauh@adcb.com
https://www.adcb.com/,Servicedeskdxb@adcb.com
https://www.adcb.com/,
https://www.adcb.com/,
https://www.adcb.com/,
https://www.adcb.com/,
https://www.adcb.com/,
https://www.adcb.com/,
https://www.adcb.com/,
https://www.adcb.com/,
https://www.adcb.com/,
https://www.adcb.com/,
https://www.adcb.com/,
https://www.adcb.com/,
https://www.adcb.com/,
https://www.adcb.com/,
https://www.adcb.com/,
https://www.adcb.com/,
https://www.adcb.com/,
https://www.adcb.com/,
https://www.adcb.com/,
https://www.adcb.com/,
https://www.adcb.com/,
https://www.adcb.com/,
https://www.adcb.com/,
https://www.adcb.com/,adcbactive@adcb.com
https://www.adcb.com/,
https://www.adcb.com/,
https://www.adcb.com/,
https://www.adcb.com/,
https://www.adcb.com/,
https://www.adcb.com/,
https://www.adcb.com/,
https://www.adcb.com/,Customercare.mortgages@adcb.com
https://www.adcb.com/,
https://www.adcb.com/,
https://www.adcb.com/,
https://www.adcb.com/,
https://www.adcb.com/,Customercare.mortgages@adcb.com
https://www.adcb.com/,
https://www.adcb.com/,Customercare.mortgages@adcb.com
https://www.adcb.com/,
https://www.adcb.com/,
https://www.adcb.com/,
https://www.adcb.com/,
https://www.adcb.com/,
https://www.adcb.com/,
https://www.adcb.com/,
https://www.adcb.com/,
https://www.adcb.com/,
https://www.adcb.com/,
https://www.adcb.com/,
https://www.adcb.com/,
https://www.adcb.com/,
https://www.adcb.com/,
https://www.adcb.com/,
https://www.adcb.com/,
https://www.adcb.com/,
https://www.adcb.com/,
https://www.adcb.com/,
https://www.adcb.com/,
https://www.adcb.com/,
https://www.adcb.com/,
https://www.adcb.com/,
https://www.adcb.com/,
https://www.adcb.com/,
https://www.adcb.com/,
https://www.adcb.com/,
https://www.adcb.com/,
https://www.adcb.com/,ilias.kakos@adcb.com
https://www.adcb.com/,
https://www.adcb.com/,ilias.kakos@adcb.com
https://www.adcb.com/,ilias.kakos@adcb.com
https://www.adcb.com/,
https://www.adcb.com/,
https://www.adcb.com/,
https://www.adcb.com/,
https://www.adcb.com/,
https://www.adcb.com/,
https://www.adcb.com/,
https://www.adcb.com/,
https://www.adcb.com/,
https://www.adcb.com/,
https://www.adcb.com/,
https://www.adcb.com/,
https://www.adcb.com/,Customercare.mortgages@adcb.com
https://www.adcb.com/,Servicedeskauh@adcb.com
https://www.adcb.com/,Servicedeskdxb@adcb.com
https://www.adcb.com/,
https://www.adcb.com/,
https://www.adcb.com/,
https://www.adcb.com/,
https://www.adcb.com/,
https://www.adcb.com/,
https://www.adcb.com/,
https://www.adcb.com/,
https://www.adcb.com/,
https://www.adcb.com/,
https://www.adcb.com/,
https://www.adcb.com/,
https://www.adcb.com/,
https://www.adcb.com/,
https://www.adcb.com/,
https://www.adcb.com/,
https://www.adcb.com/,
https://www.adcb.com/,
https://www.adcb.com/,
https://www.adcb.com/,
https://www.adcb.com/,
https://www.adcb.com/,
https://www.adcb.com/,
https://www.adcb.com/,
https://www.adcb.com/,
https://www.adcb.com/,
https://www.adcb.com/,
https://www.adcb.com/,
https://www.adcb.com/,adcbprivate@adcb.com
https://www.adcb.com/,
https://www.adcb.com/,
https://www.adcb.com/,
https://www.adcb.com/,
https://www.adcb.com/,
https://www.adcb.com/,
http://www.aceconcept.ae/,info@aceconcept.ae
https://www.adcb.com/,
https://www.adcb.com/,
http://www.aceconcept.ae/,info@aceconcept.ae
https://www.adcb.com/,
https://www.adcb.com/,
https://www.adcb.com/,
http://www.aceconcept.ae/,info@aceconcept.ae
https://www.adcb.com/,
https://www.adcb.com/,
https://www.adcb.com/,
http://www.aceconcept.ae/,info@aceconcept.ae
https://www.adcb.com/,
https://www.adcb.com/,
https://www.adcb.com/,
https://www.adcb.com/,
https://www.adcb.com/,
https://www.adcb.com/,
http://www.advantesco.com/,
http://www.al-majid.com/,
http://www.al-majid.com/,
http://www.albatha.com/,
http://www.albatha.com/,
http://www.albatha.com/,
http://www.albariq.com/,
http://www.albatha.com/,
http://www.albariq.com/,
http://www.albatha.com/,business@albatha.com
http://www.albatha.com/,
http://www.albariq.com/,
http://www.albariq.com/,
http://www.albariq.com/,
http://www.albariq.com/,
https://www.afcholidays.com/,
https://www.afcholidays.com/,
http://www.alfahim.com/,
http://www.alfahim.com/,
http://www.albariq.com/,
http://www.alfahim.com/,
https://www.alexander-partner.com/,info@alexander-partner.com
http://www.alfahim.com/,
http://www.alfahim.com/,
https://www.alexander-partner.com/,info@alexander-partner.com
https://www.alexander-partner.com/,info@alexander-partner.com
https://www.alexander-partner.com/,schlichtungsstelle@brak.de
https://www.alexander-partner.com/,info@rak-berlin.org
https://www.alexander-partner.com/,berlin@hlz.de
https://www.alexander-partner.com/,info@alexander-partner.com
https://www.alexander-partner.com/,info@alexander-partner.com
https://www.alexander-partner.com/,info@alexander-partner.com
https://www.alexander-partner.com/,info@alexander-partner.com
https://www.alexander-partner.com/,info@alexander-partner.com
https://www.alexander-partner.com/,info@alexander-partner.com
https://www.alexander-partner.com/,info@alexander-partner.com
https://www.alexander-partner.com/,info@alexander-partner.com
https://www.alexander-partner.com/,info@alexander-partner.com
https://www.alexander-partner.com/,info@alexander-partner.com
https://www.alexander-partner.com/,info@alexander-partner.com
https://www.alamogroup.net/,
https://www.alamogroup.net/,
https://www.alamogroup.net/,
https://www.alamogroup.net/,
https://www.alamogroup.net/,
https://www.alamogroup.net/,
https://www.alamogroup.net/,
https://www.alamogroup.net/,
https://www.alamogroup.net/,
http://akquisespezialist-kern.de/,
https://www.slg-strohallegalgroup.com/,office@slg-strohallegalgroup.com
http://www.alfahim.com/,
http://www.alfahim.com/,
http://www.alfahim.com/,
http://www.alfahim.com/,
http://www.alfahim.com/,
http://www.alfahim.com/,
http://www.alfahim.com/,
http://www.alfahim.com/,
http://www.alfahim.com/,
http://www.alfahim.com/,
http://www.alfahim.com/,
http://www.alfahim.com/,
http://www.alfahim.com/,
http://www.alfahim.com/,
http://www.alfahim.com/,
http://www.alfahim.com/,
http://www.alfahim.com/,
https://www.afcholidays.com/,
https://www.afcholidays.com/,
https://www.afcholidays.com/,
https://www.afcholidays.com/,
https://www.afcholidays.com/,
https://www.afcholidays.com/,
https://www.afcholidays.com/,
https://www.afcholidays.com/,
https://www.afcholidays.com/,
https://www.afcholidays.com/,
https://www.afcholidays.com/,
http://www.albatha.com/,
https://www.afcholidays.com/,
https://www.afcholidays.com/,
http://www.albatha.com/,
http://www.albatha.com/,
http://www.albatha.com/,
https://www.afcholidays.com/,
http://www.albatha.com/,
http://www.albatha.com/,
http://www.albatha.com/,
http://www.albatha.com/,
http://www.albatha.com/,
http://www.albatha.com/,
http://www.albatha.com/,
http://www.albatha.com/,
http://www.albatha.com/,
http://www.albatha.com/,
http://www.albatha.com/,
http://www.albatha.com/,
http://www.albatha.com/,
http://www.albatha.com/,
http://www.albatha.com/,
http://www.albatha.com/,
http://www.albatha.com/,
http://www.albatha.com/,
http://www.albatha.com/,
http://www.albatha.com/,
http://www.albatha.com/,
http://www.albatha.com/,
https://www.afcholidays.com/,
https://www.afcholidays.com/,
http://www.albatha.com/,
http://www.albatha.com/,
https://www.afcholidays.com/,
http://www.albatha.com/,
http://www.albatha.com/,
http://www.albatha.com/,
http://www.albatha.com/,
http://www.albatha.com/,
http://www.albatha.com/,
http://www.albatha.com/,
http://www.albatha.com/,
http://www.albatha.com/,
http://www.albatha.com/,
http://www.albatha.com/,
http://www.albatha.com/,
http://www.albatha.com/,
http://www.albatha.com/,
http://www.albatha.com/,
http://www.albatha.com/,
http://www.albatha.com/,
http://www.al-majid.com/,
http://www.al-majid.com/,
http://www.al-majid.com/,Elizabeth.percy@al-majid.com
http://www.al-majid.com/,
http://www.al-majid.com/,
http://www.al-majid.com/,elizabeth.percy@al-majid.com
http://www.al-majid.com/,
http://www.al-majid.com/,
http://www.al-majid.com/,
http://www.al-majid.com/,
http://www.al-majid.com/,
http://www.al-majid.com/,
http://www.al-majid.com/,
http://www.al-majid.com/,sltt@emirates.net.ae
http://www.al-majid.com/,travlnet@emirates.net.ae
http://www.al-majid.com/,
http://www.al-majid.com/,
http://www.al-majid.com/,
http://www.al-majid.com/,
http://www.al-majid.com/,
http://www.al-majid.com/,
http://www.al-majid.com/,
http://www.al-majid.com/,
http://www.al-majid.com/,
http://www.al-majid.com/,
http://www.al-majid.com/,
http://www.al-majid.com/,
http://www.al-majid.com/,
http://www.al-majid.com/,
http://www.al-majid.com/,
http://www.al-majid.com/,
http://www.al-majid.com/,
http://www.al-majid.com/,
http://www.al-majid.com/,
http://www.al-majid.com/,
http://www.al-majid.com/,
http://www.al-majid.com/,
http://www.al-majid.com/,
http://www.al-majid.com/,
http://www.al-majid.com/,
http://www.al-majid.com/,
http://www.al-majid.com/,
http://www.al-majid.com/,
http://www.al-majid.com/,
http://www.al-majid.com/,
http://www.al-majid.com/,
http://www.al-majid.com/,
http://www.al-majid.com/,
http://www.al-majid.com/,
http://www.al-majid.com/,
http://www.al-majid.com/,
http://www.al-majid.com/,
http://www.al-majid.com/,
http://www.al-majid.com/,
http://www.al-majid.com/,
http://www.al-majid.com/,
http://www.al-majid.com/,
http://www.advantesco.com/,
http://www.advantesco.com/,
http://www.advantesco.com/,
https://www.afcholidays.com/,
http://www.advantesco.com/,
http://www.advantesco.com/,
http://www.advantesco.com/,
http://www.advantesco.com/,
http://www.advantesco.com/,
http://www.advantesco.com/,
http://www.advantesco.com/,
http://www.advantesco.com/,
http://www.advantesco.com/,info@advantesco.com
http://www.advantesco.com/,info@advantesco.com
http://www.advantesco.com/,info@advantesco.com
http://www.advantesco.com/,info@advantesco.com
http://www.advantesco.com/,
http://www.advantesco.com/,
http://www.advantesco.com/,
http://www.advantesco.com/,
http://www.advantesco.com/,
http://www.advantesco.com/,
http://www.advantesco.com/,
http://www.advantesco.com/,
http://www.advantesco.com/,
http://www.advantesco.com/,
http://www.advantesco.com/,
http://www.advantesco.com/,
http://www.advantesco.com/,
http://www.advantesco.com/,
http://www.advantesco.com/,
http://www.advantesco.com/,
http://www.advantesco.com/,
http://www.advantesco.com/,
http://www.advantesco.com/,
http://www.advantesco.com/,
http://www.advantesco.com/,
http://www.advantesco.com/,
http://www.advantesco.com/,
http://www.advantesco.com/,
http://www.advantesco.com/,
http://www.advantesco.com/,
http://www.advantesco.com/,
http://www.advantesco.com/,
http://www.advantesco.com/,
http://www.advantesco.com/,
http://www.advantesco.com/,
http://www.advantesco.com/,
http://www.advantesco.com/,
http://www.advantesco.com/,
http://www.advantesco.com/,
http://www.advantesco.com/,
http://www.advantesco.com/,
http://www.advantesco.com/,
http://www.advantesco.com/,
https://www.alfajer.net/,alfajer@emirates.net.ae
http://www.aryainsurance.com/,
https://www.alfajer.net/,
http://www.aryainsurance.com/,
https://www.arriva.co.uk/,
https://alliance-dubai.net/,office@alliance-dubai.net
https://alliance-dubai.net/,office@alliance-dubai.net
https://www.arriva.co.uk/,
https://www.arriva.co.uk/,
https://www.arriva.co.uk/,
https://www.arriva.co.uk/,
https://alliance-dubai.net/,office@alliance-dubai.net
https://alliance-dubai.net/,office@alliance-dubai.net
https://alliance-dubai.net/,office@alliance-dubai.net
https://alliance-dubai.net/,office@alliance-dubai.net
https://www.arriva.co.uk/,
https://www.arriva.co.uk/,enquiries@arriva.co.uk
https://www.arriva.co.uk/,enquiries@arriva.co.uk
https://www.arriva.co.uk/,enquiries@arriva.co.uk
https://www.arriva.co.uk/,data.protection@arriva.co.uk
https://www.arriva.co.uk/,
https://www.arriva.co.uk/,
https://www.anantara.com/,
https://www.arriva.co.uk/,
https://www.arriva.co.uk/,
https://www.arriva.co.uk/,
https://www.arriva.co.uk/,
https://www.arriva.co.uk/,
https://www.arriva.co.uk/,
https://www.arriva.co.uk/,
https://www.arriva.co.uk/,
https://www.arriva.co.uk/,
http://amereller.com/,office@amereller.com
http://amereller.com/,office@amereller.com
http://amereller.com/,office@amereller.com
http://amereller.com/,schlichtungsstelle@s-d-r.org
http://amereller.com/,
http://amereller.com/,
https://www.arriva.co.uk/,
https://www.arriva.co.uk/,
http://amereller.com/,
http://amereller.com/,
https://www.arriva.co.uk/,
http://amereller.com/,
https://www.arriva.co.uk/,
http://amereller.com/,
https://www.arriva.co.uk/,
https://www.arriva.co.uk/,
https://www.arriva.co.uk/,DestinationGreen@arriva.co.uk
https://www.arriva.co.uk/,
https://www.arriva.co.uk/,
https://www.arriva.co.uk/,
https://www.arriva.co.uk/,
https://www.arriva.co.uk/,
https://www.arriva.co.uk/,
https://www.arriva.co.uk/,
https://www.arriva.co.uk/,
https://www.arriva.co.uk/,
https://www.arriva.co.uk/,
https://www.arriva.co.uk/,
https://www.arriva.co.uk/,
https://www.arriva.co.uk/,
https://www.arriva.co.uk/,
https://www.arriva.co.uk/,
https://www.arriva.co.uk/,
https://www.arriva.co.uk/,enquiries@arriva.co.uk
https://www.arriva.co.uk/,
https://alliance-dubai.net/,office@alliance-dubai.net
https://alliance-dubai.net/,office@alliance-dubai.net
https://alliance-dubai.net/,office@alliance-dubai.net
https://alliance-dubai.net/,office@alliance-dubai.net
https://alliance-dubai.net/,office@alliance-dubai.net
https://alliance-dubai.net/,office@alliance-dubai.net
https://alliance-dubai.net/,office@alliance-dubai.net
https://alliance-dubai.net/,office@alliance-dubai.net
https://alliance-dubai.net/,office@alliance-dubai.net
https://alliance-dubai.net/,office@alliance-dubai.net
https://alliance-dubai.net/,office@alliance-dubai.net
https://alliance-dubai.net/,office@alliance-dubai.net
https://alliance-dubai.net/,office@alliance-dubai.net
https://alliance-dubai.net/,office@alliance-dubai.net
https://alliance-dubai.net/,office@alliance-dubai.net
https://alliance-dubai.net/,office@alliance-dubai.net
https://alliance-dubai.net/,office@alliance-dubai.net
https://alliance-dubai.net/,office@alliance-dubai.net
https://alliance-dubai.net/,office@alliance-dubai.net
https://alliance-dubai.net/,office@alliance-dubai.net
https://alliance-dubai.net/,office@alliance-dubai.net
https://alliance-dubai.net/,office@alliance-dubai.net
https://news.arriva.co.uk/,
https://alliance-dubai.net/,office@alliance-dubai.net
https://alliance-dubai.net/,office@alliance-dubai.net
https://alliance-dubai.net/,office@alliance-dubai.net
https://alliance-dubai.net/,office@alliance-dubai.net
https://alliance-dubai.net/,office@alliance-dubai.net
https://alliance-dubai.net/,office@alliance-dubai.net
https://alliance-dubai.net/,office@alliance-dubai.net
https://alliance-dubai.net/,office@alliance-dubai.net
https://alliance-dubai.net/,office@alliance-dubai.net
https://alliance-dubai.net/,office@alliance-dubai.net
https://alliance-dubai.net/,office@alliance-dubai.net
https://alliance-dubai.net/,office@alliance-dubai.net
https://alliance-dubai.net/,office@alliance-dubai.net
https://alliance-dubai.net/,office@alliance-dubai.net
https://alliance-dubai.net/,office@alliance-dubai.net
https://alliance-dubai.net/,office@alliance-dubai.net
https://alliance-dubai.net/,office@alliance-dubai.net
https://alliance-dubai.net/,office@alliance-dubai.net
https://alliance-dubai.net/,office@alliance-dubai.net
https://alliance-dubai.net/,office@alliance-dubai.net
https://alliance-dubai.net/,office@alliance-dubai.net
https://alliance-dubai.net/,office@alliance-dubai.net
https://alliance-dubai.net/,office@alliance-dubai.net
http://www.aryainsurance.com/,
https://alliance-dubai.net/,office@alliance-dubai.net
https://alliance-dubai.net/,office@alliance-dubai.net
https://alliance-dubai.net/,office@alliance-dubai.net
https://alliance-dubai.net/,office@alliance-dubai.net
https://alliance-dubai.net/,office@alliance-dubai.net
https://alliance-dubai.net/,office@alliance-dubai.net
https://alliance-dubai.net/,office@alliance-dubai.net
https://alliance-dubai.net/,office@alliance-dubai.net
http://www.aryainsurance.com/,hr@aryainsurance.com
https://alliance-dubai.net/,office@alliance-dubai.net
https://alliance-dubai.net/,office@alliance-dubai.net
http://www.aryainsurance.com/,
https://alliance-dubai.net/,office@alliance-dubai.net
https://alliance-dubai.net/,office@alliance-dubai.net
https://alliance-dubai.net/,office@alliance-dubai.net
https://alliance-dubai.net/,office@alliance-dubai.net
https://alliance-dubai.net/,office@alliance-dubai.net
https://alliance-dubai.net/,office@alliance-dubai.net
https://alliance-dubai.net/,office@alliance-dubai.net
https://alliance-dubai.net/,office@alliance-dubai.net
https://alliance-dubai.net/,office@alliance-dubai.net
http://www.aryainsurance.com/,
http://www.aryainsurance.com/,
http://www.aryainsurance.com/,
http://www.aryainsurance.com/,
http://www.aryainsurance.com/,
https://alliance-dubai.net/,office@alliance-dubai.net
https://alliance-dubai.net/,office@alliance-dubai.net
http://www.aryainsurance.com/,
http://www.aryainsurance.com/,
http://www.aryainsurance.com/,
http://www.aryainsurance.com/,
http://www.aryainsurance.com/,
http://www.aryainsurance.com/,
http://www.aryainsurance.com/,
http://www.aryainsurance.com/,
http://www.aryainsurance.com/,
http://www.aryainsurance.com/,
http://www.aryainsurance.com/,
http://www.aryainsurance.com/,
http://www.aryainsurance.com/,
http://www.aryainsurance.com/,
http://www.aryainsurance.com/,
http://www.aryainsurance.com/,
http://www.aryainsurance.com/,
http://www.aryainsurance.com/,
http://www.aryainsurance.com/,
http://www.aryainsurance.com/,
http://www.aryainsurance.com/,
http://www.aryainsurance.com/,
http://www.aryainsurance.com/,
http://www.aryainsurance.com/,
http://www.aryainsurance.com/,
http://www.aryainsurance.com/,
http://www.aryainsurance.com/,
http://www.aryainsurance.com/,
http://www.aryainsurance.com/,
http://www.aryainsurance.com/,
http://www.aryainsurance.com/,
http://www.aryainsurance.com/,
http://www.aryainsurance.com/,
http://www.aryainsurance.com/,
http://www.aryainsurance.com/,
http://www.aryainsurance.com/,
http://www.aryainsurance.com/,
http://www.aryainsurance.com/,
http://www.aryainsurance.com/,
http://www.aryainsurance.com/,
http://www.aryainsurance.com/,
http://www.aryainsurance.com/,
http://www.aryainsurance.com/,
http://www.aryainsurance.com/,
http://www.aryainsurance.com/,
http://www.aryainsurance.com/,
http://www.aryainsurance.com/,
https://www.alliottuae.com/,
http://www.aramispartners.com/,
http://www.aramispartners.com/,
http://www.aramispartners.com/,
http://www.aramispartners.com/,info@aramispartners.com
http://www.aramispartners.com/,
http://www.aramispartners.com/,
http://www.aramispartners.com/,
http://www.aramispartners.com/,
https://www.alfajer.net/,
https://www.alfajer.net/,
https://www.alfajer.net/,
https://www.alfajer.net/,
https://www.alfajer.net/,
https://www.alfajer.net/,
http://www.algurg.com/,
http://www.algurg.com/,
http://www.algurg.com/,
http://www.algurg.com/,
http://www.algurg.com/,
http://www.algurg.com/,
http://www.algurg.com/,
http://www.algurg.com/,
http://www.algurg.com/,
http://www.algurg.com/,
http://www.algurg.com/,
http://www.algurg.com/,
http://www.algurg.com/,
http://www.algurg.com/,
http://www.algurg.com/,
http://www.algurg.com/,
http://www.algurg.com/,
http://www.algurg.com/,
http://www.algurg.com/,
http://www.algurg.com/,
http://www.algurg.com/,
http://www.algurg.com/,
http://www.algurg.com/,
http://www.algurg.com/,
http://www.algurg.com/,
http://www.algurg.com/,
http://www.algurg.com/,
http://www.algurg.com/,
http://www.algurg.com/,
http://www.algurg.com/,
http://www.algurg.com/,
http://www.algurg.com/,
http://www.algurg.com/,
http://www.algurg.com/,
http://www.algurg.com/,
http://www.algurg.com/,
http://www.algurg.com/,
http://www.algurg.com/,
http://www.algurg.com/,
http://www.algurg.com/,
http://www.algurg.com/,
http://www.algurg.com/,
http://www.algurg.com/,
http://www.algurg.com/,
http://www.algurg.com/,
http://www.algurg.com/,
http://www.algurg.com/,
http://www.algurg.com/,
http://www.algurg.com/,
http://www.algurg.com/,
http://www.algurg.com/,
http://www.algurg.com/,
http://www.algurg.com/,
http://www.algurg.com/,
https://www.atrics.com/,
https://www.audax.de/,
https://www.avm-rent.de/,maus@avm-rent.de
https://www.awrbuildingindustries.com/,
https://www.awrbuildingindustries.com/,
https://www.awrbuildingindustries.com/,
https://www.awrbuildingindustries.com/,
https://www.awrbuildingindustries.com/,
https://www.awrbuildingindustries.com/,
https://www.awrbuildingindustries.com/,
https://www.awrbuildingindustries.com/,
http://www.middleeast.bilfinger.com/,
http://www.middleeast.bilfinger.com/,
http://www.middleeast.bilfinger.com/,bilfinger.me@bilfinger.com
http://azhari-law.com/,
http://azhari-law.com/,
http://azhari-law.com/,
http://azhari-law.com/,
http://azhari-law.com/,info@azhari-law.com
http://azhari-law.com/,
http://azhari-law.com/,
http://azhari-law.com/,
http://azhari-law.com/,
http://azhari-law.com/,
http://azhari-law.com/,
http://azhari-law.com/,
http://azhari-law.com/,
http://azhari-law.com/,
http://azhari-law.com/,
http://azhari-law.com/,
http://www.middleeast.bilfinger.com/,
http://www.middleeast.bilfinger.com/,
http://www.middleeast.bilfinger.com/,
http://www.middleeast.bilfinger.com/,
http://www.middleeast.bilfinger.com/,
http://www.middleeast.bilfinger.com/,
http://www.middleeast.bilfinger.com/,
http://www.middleeast.bilfinger.com/,
http://www.middleeast.bilfinger.com/,
http://www.middleeast.bilfinger.com/,
http://www.middleeast.bilfinger.com/,
http://www.middleeast.bilfinger.com/,
http://www.middleeast.bilfinger.com/,
http://www.middleeast.bilfinger.com/,
http://www.middleeast.bilfinger.com/,
http://www.middleeast.bilfinger.com/,
http://www.middleeast.bilfinger.com/,
http://www.middleeast.bilfinger.com/,
http://www.middleeast.bilfinger.com/,
http://www.middleeast.bilfinger.com/,
http://www.middleeast.bilfinger.com/,
http://www.middleeast.bilfinger.com/,
https://www.avm-rent.de/,maus@avm-rent.de
https://www.audax.de/,
https://www.audax.de/,
https://www.audax.de/,
https://www.audax.de/,
https://www.audax.de/,
https://www.audax.de/,
https://www.audax.de/,
https://www.audax.de/,
https://fenster-folien.com/,
https://www.audax.de/,
https://www.audax.de/,
https://www.audax.de/,
https://www.audax.de/,
https://www.audax.de/,
https://www.audax.de/,
https://www.audax.de/,
https://www.audax.de/,
https://www.audax.de/,
https://atton-institute.com/,info@atton-institute.com
https://atton-institute.com/,info@atton-institute.com
https://www.audax.de/,
https://atton-institute.com/,info@atton-institute.com
https://atton-institute.com/,info@atton-institute.com
https://www.audax.de/,
https://atton-institute.com/,info@atton-institute.com
https://atton-institute.com/,info@atton-institute.com
https://atton-institute.com/,info@atton-institute.com
https://atton-institute.com/,info@atton-institute.com
https://atton-institute.com/,info@atton-institute.com
https://atton-institute.com/,info@atton-institute.com
https://atton-institute.com/,info@atton-institute.com
https://atton-institute.com/,info@atton-institute.com
https://atton-institute.com/,info@atton-institute.com
https://atton-institute.com/,info@atton-institute.com
https://atton-institute.com/,info@atton-institute.com
https://atton-institute.com/,info@atton-institute.com
https://atton-institute.com/,info@atton-institute.com
https://atton-institute.com/,info@atton-institute.com
https://atton-institute.com/,info@atton-institute.com
https://atton-institute.com/,info@atton-institute.com
https://atton-institute.com/,info@atton-institute.com
https://atton-institute.com/,info@atton-institute.com
https://atton-institute.com/,info@atton-institute.com
https://atton-institute.com/,info@atton-institute.com
https://atton-institute.com/,info@atton-institute.com
https://atton-institute.com/,info@atton-institute.com
https://atton-institute.com/,info@atton-institute.com
https://atton-institute.com/,info@atton-institute.com
https://atton-institute.com/,info@atton-institute.com
https://atton-institute.com/,info@atton-institute.com
https://atton-institute.com/,info@atton-institute.com
https://atton-institute.com/,info@atton-institute.com
https://atton-institute.com/,info@atton-institute.com
https://atton-institute.com/,info@atton-institute.com
https://atton-institute.com/,info@atton-institute.com
https://atton-institute.com/,info@atton-institute.com
https://atton-institute.com/,info@atton-institute.com
https://atton-institute.com/,info@atton-institute.com
https://atton-institute.com/,info@atton-institute.com
https://atton-institute.com/,info@atton-institute.com
https://atton-institute.com/,info@atton-institute.com
https://atton-institute.com/,info@atton-institute.com
https://atton-institute.com/,info@atton-institute.com
https://atton-institute.com/,info@atton-institute.com
https://atton-institute.com/,info@atton-institute.com
https://atton-institute.com/,info@atton-institute.com
https://atton-institute.com/,info@atton-institute.com
https://atton-institute.com/,info@atton-institute.com
https://atton-institute.com/,info@atton-institute.com
https://atton-institute.com/,info@atton-institute.com
https://atton-institute.com/,info@atton-institute.com
https://atton-institute.com/,info@atton-institute.com
https://atton-institute.com/,info@atton-institute.com
https://atton-institute.com/,info@atton-institute.com
https://atton-institute.com/,info@atton-institute.com
https://atton-institute.com/,info@atton-institute.com
https://atton-institute.com/,info@atton-institute.com
https://atton-institute.com/,info@atton-institute.com
https://atton-institute.com/,info@atton-institute.com
https://atton-institute.com/,info@atton-institute.com
https://atton-institute.com/,info@atton-institute.com
https://atton-institute.com/,info@atton-institute.com
https://atton-institute.com/,info@atton-institute.com
https://atton-institute.com/,info@atton-institute.com
https://atton-institute.com/,info@atton-institute.com
https://atton-institute.com/,info@atton-institute.com
https://atton-institute.com/,info@atton-institute.com
https://atton-institute.com/,info@atton-institute.com
https://www.atrics.com/,dsb@wagner-datenschutz.de
https://www.atrics.com/,
https://www.atrics.com/,
https://www.atrics.com/,
https://www.atrics.com/,
https://www.atrics.com/,
https://www.atrics.com/,
https://www.atrics.com/,
https://www.atrics.com/,info@atrics.com
http://www.awi-group.de/,
http://www.awi-group.de/,
https://www.atrics.com/,info@atrics.com
http://www.awi-group.de/,
http://www.awi-group.de/,
http://www.awi-group.de/,
http://www.awi-group.de/,
http://www.awi-group.de/,
http://www.awi-group.de/,
http://www.awi-group.de/,mks@awi-group.de
http://www.awi-group.de/,ch@awi-group.de
http://www.awi-group.de/,info@awi-group.de
http://www.awi-group.de/,info@awi-group.de
http://www.awi-group.de/,
http://www.awi-group.de/,
http://www.awi-group.de/,
http://www.awi-group.de/,
http://www.bakertillyjfc.com/,
http://www.bakertillyjfc.com/,
http://www.bakertillyjfc.com/,
http://babuk.de/,
https://www.jaresortshotels.com/,
http://www.bakerskitchenuae.com/,bkuae@mail.com
http://www.bakerskitchenuae.com/,
https://www.jaresortshotels.com/,mail@bateauxdubai.com
https://www.jaresortshotels.com/,
https://www.jaresortshotels.com/,
https://www.jaresortshotels.com/,
https://www.jaresortshotels.com/,
https://www.jaresortshotels.com/,
https://www.jaresortshotels.com/,
https://www.jaresortshotels.com/,
https://www.jaresortshotels.com/,
https://www.jaresortshotels.com/,
https://www.jaresortshotels.com/,
https://www.jaresortshotels.com/,
https://www.jaresortshotels.com/,
https://www.jaresortshotels.com/,
https://www.jaresortshotels.com/,
https://www.jaresortshotels.com/,
https://www.jaresortshotels.com/,
https://www.jaresortshotels.com/,mail@bateauxdubai.com
http://babuk.de/,
http://babuk.de/,
https://www.jaresortshotels.com/,mail@bateauxdubai.com
http://babuk.de/,
http://babuk.de/,
http://babuk.de/,
http://babuk.de/,
http://babuk.de/,
http://babuk.de/,info@babuk.de
http://babuk.de/,info@babuk.de
https://www.jaresortshotels.com/,
http://babuk.de/,
http://babuk.de/,
http://babuk.de/,
http://babuk.de/,
http://babuk.de/,
http://babuk.de/,
http://babuk.de/,
https://www.jaresortshotels.com/,
https://www.jaresortshotels.com/,
http://babuk.de/,
https://www.jaresortshotels.com/,
http://babuk.de/,
https://www.jaresortshotels.com/,
https://www.jaresortshotels.com/,
http://www.bakerskitchenuae.com/,
http://www.bakerskitchenuae.com/,
http://www.bakerskitchenuae.com/,
http://www.bakerskitchenuae.com/,
http://www.bakerskitchenuae.com/,
http://www.bakerskitchenuae.com/,
http://www.bakerskitchenuae.com/,
http://www.bakerskitchenuae.com/,
http://www.bakerskitchenuae.com/,
http://www.bakerskitchenuae.com/,
http://www.bakerskitchenuae.com/,
http://www.bakerskitchenuae.com/,
http://www.bakerskitchenuae.com/,
